<datapower-configuration version="3"><export-details><description>Exported Configuration</description><user>admin</user><domain>default</domain><comment/><product-id>5725</product-id><product>IDG</product><display-product>IDG</display-product><model>IBM DataPower Gateway</model><display-model>IBM DataPower Gateway</display-model><device-name>DP72</device-name><serial-number>0000000</serial-number><firmware-version>IDG.7.2.0.0</firmware-version><display-firmware-version>IDG.7.2.0.0</display-firmware-version><firmware-build>262935</firmware-build><firmware-timestamp>2015/06/10 10:22:14</firmware-timestamp><current-date>2015-10-31</current-date><current-time>22:06:56 EDT</current-time><reset-date>2015-10-29</reset-date><reset-time>08:32:12 EDT</reset-time><login-message/><custom-ui-file/></export-details><interface-data><interface name="eth0" type="Ethernet" vers="ipv4" ip-addr="192.168.1.10"/></interface-data><configuration><Domain name="OSC_PD_Echo" xmlns:dp="http://www.datapower.com/schemas/management" xmlns:env="http://www.w3.org/2003/05/soap-envelope">
<mAdminState>enabled</mAdminState>
<BaseDir>OSC_PD_Echo:</BaseDir>
<BaseDir>local:</BaseDir>
<ConfigFile>OSC_PD_Echo.cfg</ConfigFile>
<NeighborDomain class="Domain">default</NeighborDomain>
<URLMap>
<http>on</http>
<https>on</https>
<snmp>off</snmp>
<ftp>off</ftp>
<mailto>off</mailto>
<mq>off</mq></URLMap>
<FileMap>
<CopyFrom>on</CopyFrom>
<CopyTo>on</CopyTo>
<Delete>on</Delete>
<Display>on</Display>
<Exec>on</Exec>
<Subdir>on</Subdir></FileMap>
<MonitoringMap>
<Audit>off</Audit>
<Log>off</Log></MonitoringMap>
<ConfigMode>local</ConfigMode>
<ImportFormat>ZIP</ImportFormat>
<LocalIPRewrite>on</LocalIPRewrite>
<MaxChkpoints>3</MaxChkpoints></Domain></configuration><domains><domain name="OSC_PD_Echo"/></domains></datapower-configuration>